{
 "a2_kernels_addmm_inplace": 2.0,
 "a2_t_addmm_inplace": 0.0019517439603805543,
 "a2_t_iadd": 0.0019866880178451536,
 "b_elt_kernels_eager": 4.0,
 "b_elt_kernels_compiled": 1.0,
 "b_elt_t_eager": 0.0005099520087242127,
 "b_elt_t_compiled": 0.00033792001008987427,
 "b_f4_graph_count": 1,
 "b_f4_graph_break_count": 0,
 "b_f4_kernels_eager": 3.0,
 "b_f4_kernels_compiled": 2.0,
 "b_f4_t_eager": 0.00958566427230835,
 "b_f4_t_compiled": 0.009573503971099854,
 "b_swiglu_epi_kernels": 2.0,
 "b_swiglu_epi_t": 0.0002775039970874786,
 "b_gu_gib": 0.125,
 "b_fusion_saveable_ms": 0.1877171020979021,
 "c_up_gate_w_gib": 12.0,
 "c_up_gate_bw_weight_tbs": 1.3842968525513881,
 "c_up_gate_bw_weight_pct": 96.80397570289428,
 "c_up_gate_bw_total_pct": 99.32491257015715,
 "c_down_w_gib": 6.0,
 "c_down_bw_weight_tbs": 1.3920305023255104,
 "c_down_bw_weight_pct": 97.34479037241331,
 "c_down_bw_total_pct": 101.4008233045972,
 "c_layer_ms": 16.633,
 "c_ffn_pct": 85.32435519749896,
 "c_vector_pct_ceiling": 4.160404016112547
}