{
 "mla_o": 0.0019344639778137206,
 "router": 6.963200122117996e-05,
 "up_gate_grouped": 0.00930790376663208,
 "down_grouped": 0.004628096103668213,
 "residual": 6.310399994254112e-05,
 "rmsnorm": 0.00037248000502586363,
 "swiglu": 0.0002560000121593475,
 "F1_unfused_mm_then_add": 0.0019820799827575683,
 "F1_fused_addmm": 0.002001280069351196,
 "F4_unfused_bmm_then_swiglu": 0.009549440383911133,
 "F4_compiled": 0.009607167720794677
}