{
 "F3_unfused": 0.01181824016571045,
 "F3_compiled": 0.009815167903900145,
 "F5_unfused": 0.004874368190765381,
 "F5_compiled": 0.004836863994598388,
 "F5_down_only": 0.004621184110641479,
 "F5_swiglu_only": 0.00026188799738883974,
 "F1_mm": 0.0019374079704284667,
 "F1_addmm_outofplace": 0.0020080640316009523,
 "F1_addmm_out_preallocated": 0.0020076799392700195
}